{"loss": 9036.3359375, "_timestamp": 1711437685.2460465, "_runtime": 782.1044466495514, "_step": 3999, "learning_rate": 2.795784005266153e-06, "_wandb": {"runtime": 781}}