{"loss": 5.869279861450195, "_timestamp": 1711438411.4507785, "_runtime": 711.0462584495544, "_step": 3999, "learning_rate": 0.0013978920026330765, "_wandb": {"runtime": 710}}